{
  "generatedAt": "2026-04-09T17:16:13.398Z",
  "minImprovementPercent": 5,
  "aggregate": {
    "totalScenarios": 5,
    "passedScenarios": 5,
    "failedScenarios": 0,
    "meanImprovementPercent": 38.84061982058825,
    "meanRuntimeImprovementPercent": 46.94628106596673,
    "meanSubmitImprovementPercent": 50.66156289736627,
    "avgDeployGasNew": 1894654,
    "avgDeployGasOld": 1672822,
    "avgCreateTaskGasNew": 194479,
    "avgCreateTaskGasOld": 194560,
    "avgFinalizeGasNew": 612804,
    "avgFinalizeGasOld": 611957,
    "avgSubmitGasNew": 714754,
    "avgSubmitGasOld": 1448957
  },
  "scenarios": [
    {
      "name": "Small majority (5 contractors)",
      "contractorCount": 5,
      "rewardEth": "0.05",
      "newTotalGas": 6145573,
      "oldTotalGas": 9594323,
      "deltaGas": 3448750,
      "improvementPercent": 35.94573582732205,
      "newRuntimeGas": 4250919,
      "oldRuntimeGas": 7921501,
      "deltaRuntimeGas": 3670582,
      "runtimeImprovementPercent": 46.336950535005926,
      "newSubmitGas": 3584172,
      "oldSubmitGas": 7255168,
      "deltaSubmitGas": 3670996,
      "submitImprovementPercent": 50.59835967961045,
      "deployGasNew": 1894654,
      "deployGasOld": 1672822,
      "createTaskGasNew": 194496,
      "createTaskGasOld": 194577,
      "finalizeGasNew": 472251,
      "finalizeGasOld": 471756,
      "submitGasNew": [
        744192,
        709968,
        709956,
        710028,
        710028
      ],
      "submitGasOld": [
        1478420,
        1444208,
        1444184,
        1444196,
        1444160
      ],
      "pass": true
    },
    {
      "name": "Large majority (8 contractors)",
      "contractorCount": 8,
      "rewardEth": "0.05",
      "newTotalGas": 8466267,
      "oldTotalGas": 14117204,
      "deltaGas": 5650937,
      "improvementPercent": 40.02872665153808,
      "newRuntimeGas": 6571613,
      "oldRuntimeGas": 12444382,
      "deltaRuntimeGas": 5872769,
      "runtimeImprovementPercent": 47.19213055336938,
      "newSubmitGas": 5714232,
      "oldSubmitGas": 11587888,
      "deltaSubmitGas": 5873656,
      "submitImprovementPercent": 50.687890666530436,
      "deployGasNew": 1894654,
      "deployGasOld": 1672822,
      "createTaskGasNew": 194496,
      "createTaskGasOld": 194577,
      "finalizeGasNew": 662885,
      "finalizeGasOld": 661917,
      "submitGasNew": [
        744192,
        709992,
        710028,
        710016,
        710016,
        710016,
        709992,
        709980
      ],
      "submitGasOld": [
        1478420,
        1444196,
        1444220,
        1444196,
        1444220,
        1444220,
        1444208,
        1444208
      ],
      "pass": true
    },
    {
      "name": "Split vote (6 contractors)",
      "contractorCount": 6,
      "rewardEth": "0.05",
      "newTotalGas": 6893943,
      "oldTotalGas": 11076794,
      "deltaGas": 4182851,
      "improvementPercent": 37.76228934112163,
      "newRuntimeGas": 4999289,
      "oldRuntimeGas": 9403972,
      "deltaRuntimeGas": 4404683,
      "runtimeImprovementPercent": 46.83853801351174,
      "newSubmitGas": 4294248,
      "oldSubmitGas": 8699448,
      "deltaSubmitGas": 4405200,
      "submitImprovementPercent": 50.63769563310224,
      "deployGasNew": 1894654,
      "deployGasOld": 1672822,
      "createTaskGasNew": 194448,
      "createTaskGasOld": 194529,
      "finalizeGasNew": 510593,
      "finalizeGasOld": 509995,
      "submitGasNew": [
        744216,
        710004,
        710004,
        710028,
        710004,
        709992
      ],
      "submitGasOld": [
        1478420,
        1444184,
        1444220,
        1444208,
        1444220,
        1444196
      ],
      "pass": true
    },
    {
      "name": "All equal (7 contractors)",
      "contractorCount": 7,
      "rewardEth": "0.05",
      "newTotalGas": 7706276,
      "oldTotalGas": 12623100,
      "deltaGas": 4916824,
      "improvementPercent": 38.95100252711299,
      "newRuntimeGas": 5811622,
      "oldRuntimeGas": 10950278,
      "deltaRuntimeGas": 5138656,
      "runtimeImprovementPercent": 46.92717390371276,
      "newSubmitGas": 5004228,
      "oldSubmitGas": 10143632,
      "deltaSubmitGas": 5139404,
      "submitImprovementPercent": 50.666309661076035,
      "deployGasNew": 1894654,
      "deployGasOld": 1672822,
      "createTaskGasNew": 194436,
      "createTaskGasOld": 194517,
      "finalizeGasNew": 612958,
      "finalizeGasOld": 612129,
      "submitGasNew": [
        744168,
        709992,
        710016,
        710016,
        710004,
        710028,
        710004
      ],
      "submitGasOld": [
        1478396,
        1444220,
        1444208,
        1444208,
        1444220,
        1444196,
        1444184
      ],
      "pass": true
    },
    {
      "name": "Higher variance (10 contractors)",
      "contractorCount": 10,
      "rewardEth": "0.05",
      "newTotalGas": 10028782,
      "oldTotalGas": 17147715,
      "deltaGas": 7118933,
      "improvementPercent": 41.51534475584648,
      "newRuntimeGas": 8134128,
      "oldRuntimeGas": 15474893,
      "deltaRuntimeGas": 7340765,
      "runtimeImprovementPercent": 47.43661232423384,
      "newSubmitGas": 7134276,
      "oldSubmitGas": 14476304,
      "deltaSubmitGas": 7342028,
      "submitImprovementPercent": 50.7175588465122,
      "deployGasNew": 1894654,
      "deployGasOld": 1672822,
      "createTaskGasNew": 194520,
      "createTaskGasOld": 194601,
      "finalizeGasNew": 805332,
      "finalizeGasOld": 803988,
      "submitGasNew": [
        744228,
        710004,
        710016,
        710016,
        710016,
        710004,
        710004,
        709992,
        710016,
        709980
      ],
      "submitGasOld": [
        1478420,
        1444208,
        1444196,
        1444220,
        1444208,
        1444184,
        1444220,
        1444220,
        1444220,
        1444208
      ],
      "pass": true
    }
  ]
}
